fiscal_year_end,country_as_filed,pct_of_net_assets
2007-11-30,South Korea,15.38
2007-11-30,Brazil,14.52
2007-11-30,China,13.43
2007-11-30,Russia,8.81
2007-11-30,Taiwan,8.76
2007-11-30,South Africa,7.03
2007-11-30,Mexico,4.67
2007-11-30,Turkey,3.41
2007-11-30,Indonesia,3.27
2007-11-30,Malaysia,3.07
2007-11-30,India,2.68
2007-11-30,Thailand,2.21
2007-11-30,United Kingdom,1.89
2007-11-30,Argentina,1.79
2007-11-30,Poland,1.59
2007-11-30,Peru,1.54
2007-11-30,Kazakhstan,0.99
2007-11-30,Israel,0.98
2007-11-30,Hungary,0.93
2007-11-30,Philippines,0.83
2007-11-30,United States,0.48
2007-11-30,Chile,0.4
2007-11-30,Colombia,0.37
2007-11-30,Australia,0.26
2007-11-30,Pakistan,0.23
2008-11-30,Brazil,18.58
2008-11-30,Republic of Korea,15.21
2008-11-30,China,11.5
2008-11-30,South Africa,9.22
2008-11-30,Taiwan,9.15
2008-11-30,Russia,7.47
2008-11-30,Turkey,5.03
2008-11-30,Malaysia,4.07
2008-11-30,Mexico,3.61
2008-11-30,Thailand,2.85
2008-11-30,India,2.33
2008-11-30,Argentina,2.18
2008-11-30,Kazakstan,1.51
2008-11-30,Indonesia,1.29
2008-11-30,Poland,1.24
2008-11-30,United Kingdom,1.12
2008-11-30,Philippines,0.91
2008-11-30,Peru,0.87
2008-11-30,Israel,0.64
2008-11-30,France,0.52
2008-11-30,Colombia,0.49
2008-11-30,Pakistan,0.42
2008-11-30,Hungary,0.4
2008-11-30,United States,0.4
2008-11-30,Australia,0.08
2009-11-30,Brazil,16.28
2009-11-30,Republic of Korea,14.09
2009-11-30,China,10.64
2009-11-30,South Africa,8.82
2009-11-30,Russia,8.43
2009-11-30,Hong Kong,6.41
2009-11-30,Mexico,5.12
2009-11-30,Taiwan,5.08
2009-11-30,Turkey,3.51
2009-11-30,Thailand,2.81
2009-11-30,Argentina,2.54
2009-11-30,Malaysia,2.29
2009-11-30,United States,2.25
2009-11-30,Indonesia,2.24
2009-11-30,India,1.69
2009-11-30,United Kingdom,1.46
2009-11-30,Israel,1.26
2009-11-30,Poland,1.02
2009-11-30,Lending Collateral,0.86
2009-11-30,Peru,0.85
2009-11-30,Philippines,0.52
2009-11-30,Luxembourg,0.5
2009-11-30,Canada,0.46
2009-11-30,Hungary,0.41
2009-11-30,France,0.41
2009-11-30,Australia,0.36
2009-11-30,Pakistan,0.22
2009-11-30,Kazakhstan,0.04
2010-11-30,China/Hong Kong,17.3
2010-11-30,Brazil,15.59
2010-11-30,Republic of Korea,11.24
2010-11-30,United States,9.71
2010-11-30,Russia,7.7
2010-11-30,South Africa,6.76
2010-11-30,Taiwan,6.23
2010-11-30,Mexico,3.92
2010-11-30,Malaysia,2.69
2010-11-30,Thailand,2.51
2010-11-30,Turkey,2.31
2010-11-30,Argentina,1.97
2010-11-30,Poland,1.88
2010-11-30,India,1.69
2010-11-30,United Kingdom,1.42
2010-11-30,Hungary,1.23
2010-11-30,Israel,0.6
2010-11-30,Peru,0.58
2010-11-30,Indonesia,0.43
2010-11-30,Philippines,0.38
2010-11-30,Australia,0.3
2010-11-30,Kingdom of Bahrain,0.18
2010-11-30,China,0.05
2011-11-30,China/Hong Kong,16.98
2011-11-30,Brazil,16.96
2011-11-30,Republic of Korea,16.16
2011-11-30,United States,11.63
2011-11-30,Russia,6.47
2011-11-30,South Africa,6.25
2011-11-30,Taiwan,5.6
2011-11-30,Mexico,4.6
2011-11-30,India,3.31
2011-11-30,Argentina,2.12
2011-11-30,Thailand,2.1
2011-11-30,Malaysia,1.91
2011-11-30,Turkey,1.47
2011-11-30,United Kingdom,1.07
2011-11-30,Peru,0.8
2011-11-30,Poland,0.59
2011-11-30,Hungary,0.37
2011-11-30,Philippines,0.36
2011-11-30,Israel,0.33
2011-11-30,Indonesia,0.19
2011-11-30,Australia,0.14
2011-11-30,Kingdom of Bahrain,0.07
2012-11-30,Republic of Korea,21.91
2012-11-30,China/Hong Kong,17.44
2012-11-30,Brazil,16.73
2012-11-30,United States,10.68
2012-11-30,Russia,7.81
2012-11-30,Mexico,5.58
2012-11-30,Taiwan,5.02
2012-11-30,South Africa,4.27
2012-11-30,India,2.34
2012-11-30,Thailand,1.93
2012-11-30,Malaysia,1.6
2012-11-30,Argentina,1.56
2012-11-30,Turkey,1.38
2012-11-30,Poland,0.85
2012-11-30,Australia,0.11
2012-11-30,United Kingdom,0.08
2012-11-30,Kingdom of Bahrain,0.08
2013-11-30,China/Hong Kong,20.69
2013-11-30,Brazil,20.55
2013-11-30,Republic of Korea,18.86
2013-11-30,Russia,6.48
2013-11-30,Mexico,6.15
2013-11-30,Israel,4.29
2013-11-30,India,4.24
2013-11-30,United States,3.97
2013-11-30,Taiwan,3.53
2013-11-30,Argentina,3.08
2013-11-30,South Africa,2.81
2013-11-30,Poland,1.5
2013-11-30,Thailand,1.28
2013-11-30,Malaysia,0.96
2013-11-30,Chile,0.91
2013-11-30,Turkey,0.9
2013-11-30,Peru,0.59
2013-11-30,United Kingdom,0.06
2013-11-30,Bahrain,0.06
2014-11-30,China/Hong Kong,20.73
2014-11-30,Republic of Korea,20.47
2014-11-30,Brazil,15.63
2014-11-30,Russia,10.66
2014-11-30,India,7.32
2014-11-30,Mexico,6.4
2014-11-30,Taiwan,4.47
2014-11-30,Argentina,3.37
2014-11-30,Israel,2.39
2014-11-30,Thailand,1.55
2014-11-30,Turkey,1.42
2014-11-30,South Africa,1.41
2014-11-30,United States,1.01
2014-11-30,Chile,0.85
2014-11-30,Poland,0.73
2014-11-30,Malaysia,0.71
2014-11-30,France,0.5
2014-11-30,Peru,0.42
2014-11-30,Cyprus,0.35
2014-11-30,United Kingdom,0.06
2014-11-30,Bahrain,0.05
2014-11-30,Canada,0.02
2015-11-30,China/Hong Kong,33.35
2015-11-30,Republic of Korea,15.98
2015-11-30,Brazil,12.74
2015-11-30,India,10.91
2015-11-30,Russia,10.16
2015-11-30,Taiwan,4.85
2015-11-30,Mexico,4.65
2015-11-30,Argentina,3.14
2015-11-30,Turkey,3.05
2015-11-30,United States,1.0
2015-11-30,Chile,0.94
2015-11-30,Malaysia,0.85
2015-11-30,Thailand,0.65
2015-11-30,South Africa,0.45
2015-11-30,Cyprus,0.44
2015-11-30,Peru,0.34
2015-11-30,Poland,0.32
2015-11-30,United Kingdom,0.07
2015-11-30,Bahrain,0.06
2015-11-30,France,0.06
2015-11-30,Canada,0.02
2016-11-30,China/Hong Kong,31.08
2016-11-30,Brazil,16.52
2016-11-30,Republic of Korea,13.07
2016-11-30,Russia,11.84
2016-11-30,India,7.67
2016-11-30,Taiwan,5.72
2016-11-30,Mexico,5.21
2016-11-30,Argentina,3.64
2016-11-30,Turkey,2.79
2016-11-30,United States,1.15
2016-11-30,Chile,1.02
2016-11-30,Indonesia,0.79
2016-11-30,Netherlands,0.72
2016-11-30,Peru,0.68
2016-11-30,South Africa,0.48
2016-11-30,Cyprus,0.26
2016-11-30,Poland,0.25
2016-11-30,Malaysia,0.2
2016-11-30,United Kingdom,0.11
2016-11-30,France,0.07
2016-11-30,Bahrain,0.05
2016-11-30,Canada,0.02
2017-11-30,China/Hong Kong,30.4
2017-11-30,Republic of Korea,20.48
2017-11-30,Brazil,11.27
2017-11-30,India,7.95
2017-11-30,Russia,7.3
2017-11-30,Mexico,6.52
2017-11-30,Taiwan,5.24
2017-11-30,Argentina,2.51
2017-11-30,United States,2.18
2017-11-30,Turkey,1.54
2017-11-30,Peru,0.95
2017-11-30,Canada,0.93
2017-11-30,Indonesia,0.89
2017-11-30,Japan,0.72
2017-11-30,Chile,0.69
2017-11-30,Netherlands,0.37
2017-11-30,South Africa,0.34
2017-11-30,Israel,0.15
2017-11-30,Cyprus,0.12
2017-11-30,Malaysia,0.09
2017-11-30,United Kingdom,0.07
2017-11-30,Bahrain,0.04
2017-11-30,France,0.03
2018-11-30,China/Hong Kong,29.7
2018-11-30,Republic of Korea,19.37
2018-11-30,Brazil,12.88
2018-11-30,India,9.64
2018-11-30,Taiwan,7.31
2018-11-30,Russia,6.73
2018-11-30,Mexico,5.57
2018-11-30,United States,2.2
2018-11-30,Argentina,1.39
2018-11-30,Turkey,0.95
2018-11-30,Chile,0.94
2018-11-30,Peru,0.89
2018-11-30,Indonesia,0.79
2018-11-30,Japan,0.57
2018-11-30,South Africa,0.56
2018-11-30,Netherlands,0.23
2018-11-30,Cyprus,0.11
2018-11-30,United Kingdom,0.07
2018-11-30,Malaysia,0.05
2018-11-30,Bahrain,0.03
2018-11-30,France,0.01
2019-11-30,China,29.15
2019-11-30,Republic of Korea,16.96
2019-11-30,Brazil,11.61
2019-11-30,India,10.55
2019-11-30,Taiwan,10.18
2019-11-30,Russia,7.58
2019-11-30,MX,4.04
2019-11-30,United States,1.92
2019-11-30,Mexico,1.23
2019-11-30,Peru,0.92
2019-11-30,CN,0.85
2019-11-30,Japan,0.74
2019-11-30,South Africa,0.66
2019-11-30,ID,0.63
2019-11-30,RU,0.63
2019-11-30,Chile,0.54
2019-11-30,Turkey,0.49
2019-11-30,TR,0.48
2019-11-30,Argentina,0.35
2019-11-30,Israel,0.28
2019-11-30,Cyprus,0.14
2019-11-30,NL,0.1
2019-11-30,United Kingdom,0.06
2019-11-30,MY,0.05
2019-11-30,BH,0.02
2019-11-30,ZA,0.02
2019-11-30,France,0.01
2019-11-30,LU,0.0
2019-11-30,US,-0.0
2020-11-30,China,35.77
2020-11-30,Republic of Korea,18.71
2020-11-30,Taiwan,13.47
2020-11-30,India,8.89
2020-11-30,Brazil,6.49
2020-11-30,Russia,4.54
2020-11-30,MX,2.34
2020-11-30,NL,1.13
2020-11-30,CN,1.03
2020-11-30,RU,1.01
2020-11-30,United States,0.95
2020-11-30,Chile,0.92
2020-11-30,South Africa,0.85
2020-11-30,Mexico,0.84
2020-11-30,Peru,0.62
2020-11-30,ID,0.51
2020-11-30,TR,0.39
2020-11-30,US,0.36
2020-11-30,BR,0.27
2020-11-30,Turkey,0.26
2020-11-30,Argentina,0.24
2020-11-30,TW,0.19
2020-11-30,United Kingdom,0.06
2020-11-30,MY,0.03
2020-11-30,BH,0.02
2020-11-30,ZA,0.01
2020-11-30,LU,0.0
2021-11-30,China,28.41
2021-11-30,Republic of Korea,18.12
2021-11-30,Taiwan,15.97
2021-11-30,India,12.09
2021-11-30,Russia,5.92
2021-11-30,Brazil,4.31
2021-11-30,United States,3.93
2021-11-30,MX,2.75
2021-11-30,NL,1.38
2021-11-30,ID,1.23
2021-11-30,Chile,1.06
2021-11-30,RU,0.94
2021-11-30,Mexico,0.86
2021-11-30,Australia,0.63
2021-11-30,CN,0.47
2021-11-30,BR,0.44
2021-11-30,TR,0.43
2021-11-30,Peru,0.37
2021-11-30,Argentina,0.31
2021-11-30,PH,0.25
2021-11-30,South Africa,0.21
2021-11-30,Hong Kong,0.18
2021-11-30,Turkey,0.14
2021-11-30,TW,0.12
2021-11-30,United Kingdom,0.06
2021-11-30,BH,0.04
2021-11-30,MY,0.02
2021-11-30,ZA,0.01
2021-11-30,AR,0.0
2021-11-30,US,0.0
2021-11-30,LU,0.0
2022-11-30,China,26.7
2022-11-30,Republic of Korea,19.99
2022-11-30,India,15.86
2022-11-30,Taiwan,15.6
2022-11-30,Brazil,6.12
2022-11-30,MX,4.26
2022-11-30,Chile,1.77
2022-11-30,Australia,1.73
2022-11-30,United States,1.72
2022-11-30,ID,1.57
2022-11-30,TR,1.26
2022-11-30,Mexico,0.69
2022-11-30,Argentina,0.66
2022-11-30,BR,0.6
2022-11-30,CN,0.56
2022-11-30,Peru,0.55
2022-11-30,South Africa,0.28
2022-11-30,Hong Kong,0.24
2022-11-30,TW,0.17
2022-11-30,BH,0.06
2022-11-30,United Kingdom,0.05
2022-11-30,US,0.04
2022-11-30,MY,0.02
2022-11-30,ZA,0.02
2022-11-30,Russia,0.01
2022-11-30,AR,0.01
2022-11-30,RU,0.0
2022-11-30,LU,0.0
2023-11-30,Republic of Korea,25.62
2023-11-30,China,23.52
2023-11-30,Taiwan,17.39
2023-11-30,India,14.58
2023-11-30,Brazil,5.93
2023-11-30,MX,4.25
2023-11-30,ID,1.34
2023-11-30,TR,1.32
2023-11-30,United States,1.1
2023-11-30,Chile,0.94
2023-11-30,Argentina,0.83
2023-11-30,Peru,0.77
2023-11-30,CN,0.71
2023-11-30,BR,0.68
2023-11-30,Mexico,0.4
2023-11-30,South Africa,0.33
2023-11-30,Australia,0.3
2023-11-30,Hong Kong,0.23
2023-11-30,TW,0.12
2023-11-30,United Kingdom,0.07
2023-11-30,BH,0.07
2023-11-30,MY,0.05
2023-11-30,Netherlands,0.01
2023-11-30,Russia,0.0
2023-11-30,RU,0.0
2023-11-30,US,0.0
2023-11-30,LU,0.0
2024-11-30,South Korea,24.96
2024-11-30,Taiwan,23.25
2024-11-30,China,16.85
2024-11-30,India,15.69
2024-11-30,Brazil,5.48
2024-11-30,MX,3.43
2024-11-30,TR,1.72
2024-11-30,United States,1.31
2024-11-30,ID,1.11
2024-11-30,Argentina,1.02
2024-11-30,Peru,0.96
2024-11-30,Singapore,0.95
2024-11-30,Chile,0.68
2024-11-30,BR,0.45
2024-11-30,SA,0.42
2024-11-30,US,0.42
2024-11-30,South Africa,0.37
2024-11-30,TW,0.3
2024-11-30,Mexico,0.28
2024-11-30,CN,0.2
2024-11-30,United Kingdom,0.11
2024-11-30,BH,0.08
2024-11-30,MY,0.07
2024-11-30,Australia,0.04
2024-11-30,Netherlands,0.02
2024-11-30,Russia,0.0
2024-11-30,RU,0.0
2024-11-30,LU,0.0
2025-11-30,South Korea,43.94
2025-11-30,Taiwan,17.57
2025-11-30,China,13.13
2025-11-30,India,10.59
2025-11-30,Brazil,4.8
2025-11-30,MX,3.04
2025-11-30,Peru,1.22
2025-11-30,United States,1.19
2025-11-30,TR,0.96
2025-11-30,ID,0.89
2025-11-30,Argentina,0.62
2025-11-30,Chile,0.5
2025-11-30,BR,0.44
2025-11-30,South Africa,0.34
2025-11-30,TW,0.31
2025-11-30,CN,0.3
2025-11-30,Mexico,0.27
2025-11-30,Singapore,0.26
2025-11-30,US,0.13
2025-11-30,BH,0.04
2025-11-30,MY,0.03
2025-11-30,Australia,0.03
2025-11-30,Netherlands,0.02
2025-11-30,RU,0.0
2025-11-30,Russia,0.0
2025-11-30,LU,0.0
