fiscal_year_end,rank,issuer,pct_of_net_assets,market_value_usd,source
2007-11-30,1,Samsung Electronics,3.98,42434790,N-CSR
2007-11-30,2,Gazprom,3.54,37797796,N-CSR
2007-11-30,3,Petrobras,3.38,36047596,N-CSR
2007-11-30,4,Vale,3.06,32708612,N-CSR
2007-11-30,5,LUKOIL,2.61,27908614,N-CSR
2007-11-30,6,China Unicom,2.54,27104821,N-CSR
2007-11-30,7,Eletrobras,2.53,27000921,N-CSR
2007-11-30,8,PetroChina,1.77,18921498,N-CSR
2007-11-30,9,Buenaventura,1.54,16447518,N-CSR
2007-11-30,10,China Mobile,1.41,15100017,N-CSR
2008-11-30,1,Eletrobras,6.29,22536092,N-CSR
2008-11-30,2,Samsung Electronics,5.44,19509627,N-CSR
2008-11-30,3,Vale,4.23,15163875,N-CSR
2008-11-30,4,Petrobras,4.18,14963648,N-CSR
2008-11-30,5,China Unicom,3.96,14185362,N-CSR
2008-11-30,6,Korea Electric Power,3.11,11148277,N-CSR
2008-11-30,7,PetroChina,3.03,10863530,N-CSR
2008-11-30,8,Gazprom,2.7,9666203,N-CSR
2008-11-30,9,Sasol,2.59,9272618,N-CSR
2008-11-30,10,Evergreen Marine,2.15,7719430,N-CSR
2009-11-30,1,Petrobras,3.94,28613099,N-CSR
2009-11-30,2,Samsung Electronics,3.6,26101519,N-CSR
2009-11-30,3,Eletrobras,3.59,26095391,N-CSR
2009-11-30,4,Vale,3.16,22928794,N-CSR
2009-11-30,5,China Mobile,2.84,20622800,N-CSR
2009-11-30,6,Gazprom,2.25,16316899,N-CSR
2009-11-30,7,Korea Electric Power,2.13,15490659,N-CSR
2009-11-30,8,China Unicom,1.99,14435463,N-CSR
2009-11-30,9,Vodacom Group,1.91,13891536,N-CSR
2009-11-30,10,Sberbank,1.82,13237615,N-CSR
2010-11-30,1,Petrobras,4.84,69830000,N-CSR
2010-11-30,2,Yahoo!,3.64,52592950,N-CSR
2010-11-30,3,China Mobile,3.45,49849999,N-CSR
2010-11-30,4,Vale,2.94,42510074,N-CSR
2010-11-30,5,Samsung Electronics,2.66,38446516,N-CSR
2010-11-30,6,Gazprom,2.54,36696000,N-CSR
2010-11-30,7,Bunge,2.11,30410000,N-CSR
2010-11-30,8,KB Financial,1.75,25322000,N-CSR
2010-11-30,9,Archer-Daniels-Midland,1.71,24641500,N-CSR
2010-11-30,10,Eletrobras,1.63,23495441,N-CSR
2011-11-30,1,Petrobras,4.73,114619751,N-CSR
2011-11-30,2,Avon Products,4.52,109650000,N-CSR
2011-11-30,3,Samsung Electronics,4.3,104145174,N-CSR
2011-11-30,4,Yahoo!,3.44,83263000,N-CSR
2011-11-30,5,Archer-Daniels-Midland,2.05,49698000,N-CSR
2011-11-30,6,SK Telecom,1.99,48350213,N-CSR
2011-11-30,7,China Unicom,1.99,48131474,N-CSR
2011-11-30,8,Vale,1.9,46027331,N-CSR
2011-11-30,9,China Mobile,1.84,44703001,N-CSR
2011-11-30,10,Hon Hai Precision,1.83,44339183,N-CSR
2012-11-30,1,Samsung Electronics,7.24,134346066,N-CSR
2012-11-30,2,Yahoo!,5.26,97604000,N-CSR
2012-11-30,3,Avon Products,4.85,89977500,N-CSR
2012-11-30,4,Petrobras,3.29,61098000,N-CSR
2012-11-30,5,SK Telecom,3.16,58594324,N-CSR
2012-11-30,6,Grupo Televisa,2.67,49470300,N-CSR
2012-11-30,7,Hon Hai Precision,2.66,49320805,N-CSR
2012-11-30,8,Reliance Industries,2.17,40319189,N-CSR
2012-11-30,9,Uni-President China,2.15,39942845,N-CSR
2012-11-30,10,Fibria Celulose,2.07,38418000,N-CSR
2013-11-30,1,Samsung Electronics,4.57,121525815,N-CSR
2013-11-30,2,Tim Participacoes,4.47,119044730,N-CSR
2013-11-30,3,Baidu,4.38,116598999,N-CSR
2013-11-30,4,Teva Pharmaceutical Industries,4.29,114128000,N-CSR
2013-11-30,5,SK Telecom,3.43,91365032,N-CSR
2013-11-30,6,Reliance Industries,3.36,89414407,N-CSR
2013-11-30,7,Sohu.com,3.07,81642984,N-CSR
2013-11-30,8,Petrobras,2.97,78903000,N-CSR
2013-11-30,9,SINA,2.75,73216499,N-CSR
2013-11-30,10,China Mobile,2.69,71487186,N-CSR
2014-11-30,1,Samsung Electronics,5.59,173202469,N-CSR
2014-11-30,2,Reliance Industries,4.79,148244284,N-CSR
2014-11-30,3,Baidu,4.75,147066000,N-CSR
2014-11-30,4,China Mobile,3.09,95759163,N-CSR
2014-11-30,5,SK Telecom,2.93,90789151,N-CSR
2014-11-30,6,Petrobras,2.79,86508000,N-CSR
2014-11-30,7,Sohu.com,2.53,78445500,N-CSR
2014-11-30,8,Grupo Televisa,2.53,78435000,N-CSR
2014-11-30,9,Teva Pharmaceutical Industries,2.39,74074000,N-CSR
2014-11-30,10,iShares MSCI Emerging Markets,2.28,70550000,N-CSR
2015-11-30,1,Reliance Industries,7.21,121351757,N-CSR
2015-11-30,2,Samsung Electronics,6.59,110910147,N-CSR
2015-11-30,3,Baidu,6.21,104625600,N-CSR
2015-11-30,4,SINA,4.8,80912000,N-CSR
2015-11-30,5,Sohu.com,4.62,77887500,N-CSR
2015-11-30,6,SK Telecom,3.11,52381305,N-CSR
2015-11-30,7,China Mobile,2.97,49958671,N-CSR
2015-11-30,8,Youku Tudou,2.39,40305000,N-CSR
2015-11-30,9,Tencent,2.36,39801123,N-CSR
2015-11-30,10,Yandex,1.98,33426300,N-CSR
2016-11-30,1,SINA,6.25,122895288,N-CSR
2016-11-30,2,Reliance Industries,5.78,113640102,N-CSR
2016-11-30,3,Samsung Electronics,5.05,99134914,N-CSR
2016-11-30,4,Alibaba,3.83,75216000,N-CSR
2016-11-30,5,SK Telecom,3.22,63295780,N-CSR
2016-11-30,6,Baidu,3.2,62940150,N-CSR
2016-11-30,7,Sohu.com,3.12,61308987,N-CSR
2016-11-30,8,Itau Unibanco,2.61,51296740,N-CSR
2016-11-30,9,Tencent,2.54,49945207,N-CSR
2016-11-30,10,MediaTek,2.3,45171462,N-CSR
2017-11-30,1,Reliance Industries,6.55,310116403,N-CSR
2017-11-30,2,SK Telecom,5.28,249886620,N-CSR
2017-11-30,3,Samsung Electronics,4.21,199331080,N-CSR
2017-11-30,4,Alibaba,4.11,194788000,N-CSR
2017-11-30,5,Tencent,4.05,192004297,N-CSR
2017-11-30,6,SINA,3.62,171672876,N-CSR
2017-11-30,7,SK Hynix,3.39,160365323,N-CSR
2017-11-30,8,China Mobile,3.31,156895492,N-CSR
2017-11-30,9,TSMC,2.34,110742730,N-CSR
2017-11-30,10,JD.com,2.3,108792250,N-CSR
2018-11-30,1,Reliance Industries,7.19,368969668,N-CSR
2018-11-30,2,SK Telecom,6.66,341917077,N-CSR
2018-11-30,3,Samsung Electronics,4.59,235503407,N-CSR
2018-11-30,4,China Mobile,4.04,207489275,N-CSR
2018-11-30,5,TSMC,4.03,206788353,N-CSR
2018-11-30,6,Alibaba,4.01,205900800,N-CSR
2018-11-30,7,SK Hynix,4.0,205493810,N-CSR
2018-11-30,8,Tencent,3.7,189898563,N-CSR
2018-11-30,9,SINA,2.67,137312400,N-CSR
2018-11-30,10,B2W / Americanas,2.51,128809675,N-CSR
2019-11-30,1,Reliance Industries,8.65,463225198,N-PORT
2019-11-30,2,Samsung Electronics,5.84,312400741,N-PORT
2019-11-30,3,TSMC,5.79,309893315,N-PORT
2019-11-30,4,Alibaba,4.78,256000000,N-PORT
2019-11-30,5,SK Telecom,4.5,240697600,N-PORT
2019-11-30,6,SK Hynix,4.47,239039072,N-PORT
2019-11-30,7,Tencent,3.76,201333665,N-PORT
2019-11-30,8,B2W / Americanas,3.67,196419142,N-PORT
2019-11-30,9,Wuliangye Yibin,3.49,186968895,N-PORT
2019-11-30,10,Kweichow Moutai,2.91,155850846,N-PORT
2020-11-30,1,TSMC,9.12,522603280,N-PORT
2020-11-30,2,Wuliangye Yibin,6.94,397457403,N-PORT
2020-11-30,3,Reliance Industries,6.88,393945866,N-PORT
2020-11-30,4,Samsung Electronics,6.61,378769518,N-PORT
2020-11-30,5,Tencent,6.02,345017772,N-PORT
2020-11-30,6,SK Hynix,5.37,307509828,N-PORT
2020-11-30,7,SK Telecom,4.96,284341002,N-PORT
2020-11-30,8,Alibaba,4.55,260726400,N-PORT
2020-11-30,9,Kweichow Moutai,4.41,252563863,N-PORT
2020-11-30,10,MediaTek,4.35,249268240,N-PORT
2021-11-30,1,TSMC,10.27,659329428,N-PORT
2021-11-30,2,Reliance Industries,7.56,485310010,N-PORT
2021-11-30,3,Samsung Electronics,5.86,375936256,N-PORT
2021-11-30,4,MediaTek,5.7,365841603,N-PORT
2021-11-30,5,Wuliangye Yibin,5.49,352688395,N-PORT
2021-11-30,6,SK Hynix,5.2,333647794,N-PORT
2021-11-30,7,Kweichow Moutai,4.58,293966014,N-PORT
2021-11-30,8,Tencent,4.31,277015631,N-PORT
2021-11-30,9,SK Telecom,4.26,273359076,N-PORT
2021-11-30,10,JD.com,4.04,259058800,N-PORT
2022-11-30,1,Reliance Industries,10.7,508973650,N-PORT
2022-11-30,2,TSMC,10.47,497855463,N-PORT
2022-11-30,3,Samsung Electronics,6.32,300729825,N-PORT
2022-11-30,4,MediaTek,5.13,243861167,N-PORT
2022-11-30,5,SK Hynix,4.84,230340105,N-PORT
2022-11-30,6,Alibaba,4.1,194897674,N-PORT
2022-11-30,7,Tencent,3.98,189081579,N-PORT
2022-11-30,8,JD.com,3.84,182571620,N-PORT
2022-11-30,9,SK Square,3.64,173298790,N-PORT
2022-11-30,10,Kweichow Moutai,3.32,157750699,N-PORT
2023-11-30,1,TSMC,11.87,572567222,N-PORT
2023-11-30,2,Reliance Industries,8.99,433474044,N-PORT
2023-11-30,3,SK Hynix,7.51,362214471,N-PORT
2023-11-30,4,Samsung Electronics,7.18,346519002,N-PORT
2023-11-30,5,SK Square,5.76,277957096,N-PORT
2023-11-30,6,MediaTek,5.52,266197183,N-PORT
2023-11-30,7,Tencent,4.17,200939664,N-PORT
2023-11-30,8,Kweichow Moutai,3.65,175861392,N-PORT
2023-11-30,9,Alibaba,3.46,166688090,N-PORT
2023-11-30,10,SK Telecom,3.37,162543403,N-PORT
2024-11-30,1,TSMC,18.43,965977279,N-PORT
2024-11-30,2,Reliance Industries,8.84,463396265,N-PORT
2024-11-30,3,SK Hynix,7.78,407469075,N-PORT
2024-11-30,4,SK Square,7.18,376221929,N-PORT
2024-11-30,5,Samsung Electronics,4.66,244025771,N-PORT
2024-11-30,6,MediaTek,4.12,215953286,N-PORT
2024-11-30,7,Alibaba,3.23,169497800,N-PORT
2024-11-30,8,Tencent,2.65,138610516,N-PORT
2024-11-30,9,Petrobras,2.34,122632000,N-PORT
2024-11-30,10,PDD Holdings,1.84,96560000,N-PORT
2025-11-30,1,SK Square,17.86,1424802710,N-PORT
2025-11-30,2,TSMC,14.95,1192926557,N-PORT
2025-11-30,3,SK Hynix,14.0,1117193078,N-PORT
2025-11-30,4,Reliance Industries,6.68,533275225,N-PORT
2025-11-30,5,Samsung Electronics,5.21,415688641,N-PORT
2025-11-30,6,Samsung C&T,3.87,308715177,N-PORT
2025-11-30,7,Alibaba,3.82,305162000,N-PORT
2025-11-30,8,Tencent,2.64,210806548,N-PORT
2025-11-30,9,MediaTek,2.17,173347140,N-PORT
2025-11-30,10,Petrobras,1.29,102755000,N-PORT
